Project Description,Rooms,Special Features,Design Style,Materials,Budget,Timeline,Additional Notes
"Wir suchen ein großes Holzhaus für Mehrgenerationen-Wohnen. Es sollte sechs Schlafzimmer, zwei Küchen und mehrere Wohnbereiche haben, um allen gerecht zu werden. Wir möchten einen großen Garten für Aktivitäten im Freien, einen Spielbereich für Kinder und ein solarbetriebenes Heizungssystem.

Das Design sollte rustikal, aber modern sein, um zu einer großen Familie zu passen, mit langlebigen und umweltfreundlichen Materialien. Unser Budget liegt bei 1.200.000 €, und wir möchten, dass es innerhalb von 22 Monaten fertiggestellt wird.","Schlafzimmer, Küche",Garten,"modern, rustikal",Holz,Budget,Monate,"umweltfreundlich, langlebig, freundlich"
"Wir möchten ein modernes luxuriöses Holzhaus für Wochenendtrips. Es sollte drei Schlafzimmer, einen offenen Wohn- und Essbereich und ein Heimkino haben. Zusätzliche Merkmale sollten ein Infinity-Pool, ein Außenkamin und bodentiefe Fenster sein, um die Aussicht zu genießen.

Das Design sollte zeitgenössisch mit hochwertigen Ausstattungen sein, mit Premium-Holz- und Glasmaterialien. Unser Budget beträgt 1.000.000 €, und wir hoffen, das Projekt innerhalb von 18 Monaten abschließen zu können.","Schlafzimmer, Heimkino","Pool, Kamin, Heimkino","modern, zeitgenössisch, luxuriös","Holz, Glas",Budget,"Monate, Wochen","hochwertig, luxuriös, hochwertig"
"Wir planen eine kompakte autarke Hütte für das Leben in der Abgeschiedenheit. Sie sollte ein Schlafzimmer, eine kleine Küche und einen gemütlichen Wohnbereich haben. Wir möchten auch ein autarkes Energiesystem, eine Komposttoilette und eine Regenwassersammlung für die Nachhaltigkeit.

Das Design sollte minimalistisch und nachhaltig sein und sich auf Selbstversorgung konzentrieren. Unser Budget beträgt 200.000 €, und wir möchten, dass es innerhalb von 8 Monaten fertiggestellt wird.","Schlafzimmer, Küche",,"minimalistisch, gemütlich, zen",,Budget,Monate,"nachhaltig, minimalistisch, nachhaltigkeit, autark"
"Wir planen eine luxuriöse Holzvilla für Veranstaltungen. Sie sollte fünf Schlafzimmer, ein großes Wohnzimmer, eine große Küche und ein formelles Esszimmer haben. Wir möchten auch einen Swimmingpool und einen großen Garten.

Der Stil sollte modern sein mit einer Mischung aus natürlichen Holzelementen. Das Budget beträgt 1.500.000 €, und wir möchten das Projekt in 24 Monaten abschließen.
","Schlafzimmer, Küche, Wohnzimmer, Esszimmer","Pool, Garten","modern, luxuriös, natürlich",Holz,Budget,Monate,luxuriös
"Wir möchten ein kompaktes Holzhaus, das den Platz optimal nutzt. Es sollte zwei Schlafzimmer, eine kleine, aber funktionale Küche und einen gemütlichen Wohnbereich haben. Wir brauchen auch eine überdachte Terrasse für Mahlzeiten im Freien.

Energieeffizienz ist uns wichtig, daher möchten wir hochwertige Dämmung und Solarheizung. Das Budget beträgt 300.000 €, und der Zeitrahmen beträgt 10 Monate.","Schlafzimmer, Küche, Terrasse",Terrasse,gemütlich,Holz,Budget,"Monate, Zeitrahmen","funktional, hochwertig, hochwertig"
"Wir suchen ein Ferienholzhaus, das einfach und elegant ist. Es sollte drei Schlafzimmer, ein gemütliches Wohnzimmer und eine kleine Küchenzeile haben. Außerdem möchten wir eine große Terrasse, um Gäste zu empfangen und die Natur zu genießen.

Nachhaltigkeit ist uns wichtig, daher hätten wir gerne Solarpaneele und umweltfreundliche Materialien. Unser Budget beträgt 350.000 €, und wir möchten das Projekt in 12 Monaten abschließen.","Schlafzimmer, Küche, Wohnzimmer, Terrasse, Küchenzeile","Terrasse, Solarpaneele","gemütlich, elegant",Holz,Budget,Monate,"nachhaltig, umweltfreundlich, nachhaltigkeit, freundlich"
"Wir planen ein modernes Holzhaus mit intelligenten Funktionen. Das Design sollte vier Schlafzimmer, einen geräumigen offenen Wohnbereich und ein Arbeitszimmer umfassen. Wir würden gerne Funktionen wie intelligente Beleuchtung und Energiemonitoring-Systeme integrieren.

Wir möchten einen minimalistischen Stil mit klaren Linien, und das Haus sollte sehr energieeffizient sein. Unser Budget beträgt 800.000 €, und die Fertigstellungszeit beträgt 18 Monate.","Schlafzimmer, Arbeitszimmer",,"modern, minimalistisch",Holz,Budget,"Monate, Fertigstellung","energieeffizient, intelligent, minimalistisch, intelligent, effizient"
"Guten Morgen! Ich suche ein gemütliches, aber luxuriöses Holzhaus für meine Familie. Es sollte hochwertige Ausstattungen haben und trotz seiner kleinen Größe geräumig wirken. Ich hätte gerne zwei Schlafzimmer und eine große offene Küche mit Wohnbereich. Große Fenster sind wichtig, um viel Tageslicht hereinzulassen, und ich würde mich über einen Whirlpool auf der Terrasse freuen, um die Natur genießen zu können.

Das Haus sollte hochwertige Materialien verwenden und ein modernes Design mit einer warmen, natürlichen Ästhetik haben. Mein Budget für dieses Projekt liegt bei etwa 500.000 Euro, und ich hoffe, es kann innerhalb von 18 Monaten fertiggestellt werden. Es ist wichtig, dass das Haus luxuriös wirkt, aber auch im Alltag funktional ist. Könnten Sie etwas entwerfen, das zu diesen Vorstellungen passt?","Schlafzimmer, Küche, Terrasse","Whirlpool, Pool, Terrasse","modern, luxuriös, gemütlich, natürlich",Holz,"Euro, Budget",Monate,"funktional, hochwertig, luxuriös, hochwertig"
"Hallo! Ich möchte ein traditionelles Holzhaus im Chalet-Stil bauen. Es sollte warm und gemütlich sein, perfekt für schneereiche Winter. Ich stelle mir drei Schlafzimmer, ein geräumiges Wohnzimmer mit Kamin und eine funktionale Küche vor.

Wir möchten außerdem einen Keller mit einer Sauna und etwas Stauraum. Im Innenbereich sollten sichtbare Holzbalken und eine rustikale Ästhetik den Charme des Hauses unterstreichen. Mein Budget für dieses Projekt liegt bei etwa 600.000 Euro, und ich hoffe, es kann innerhalb von 14 Monaten fertiggestellt werden. Das Haus muss langlebig und für das Winterklima geeignet sein, während es einen klassischen alpinen Stil bewahrt.","Schlafzimmer, Küche, Wohnzimmer, Keller, Sauna, Bar","Sauna, Kamin","rustikal, klassisch, traditionell, gemütlich, alpin, chalet-stil",Holz,"Euro, Budget",Monate,"funktional, langlebig"
"Hallo! Wir planen ein Holz-Familienhaus, das sowohl funktional als auch umweltfreundlich ist. Da wir eine große Familie sind, brauchen wir mindestens fünf Schlafzimmer, einen geräumigen Wohnbereich und eine große Küche für Familientreffen. Ich hätte auch gerne ein Spielzimmer für die Kinder und einen Arbeitsplatz für mich.

Es ist wichtig, dass das Haus nachhaltige Merkmale wie Solarpaneele, Regenwassernutzung und energieeffiziente Dämmung hat. Wir hätten gerne ein modernes Design mit viel Naturholz, um eine warme und einladende Atmosphäre zu schaffen. Unser Budget liegt bei etwa 750.000 Euro, und wir hoffen, dass es in 20 Monaten fertiggestellt werden kann. Könnten Sie etwas Nachhaltiges und Familienorientiertes für uns entwerfen?","Schlafzimmer, Küche, Spielzimmer","Solarpaneele, Spielzimmer",modern,Holz,"Euro, Budget",Monate,"funktional, nachhaltig, energieeffizient, umweltfreundlich, effizient, freundlich"
